{
  "120.0": {
    "exp+1": 1.5348986387252808,
    "exp+2": 2.117746353149414,
    "exp-1": 0.77420973777771,
    "exp-2": 0.583282470703125,
    "exp0": 1.08203125
  },
  "121.0": {
    "exp+1": 1.512734055519104,
    "exp+2": 2.087165355682373,
    "exp-1": 0.7630298137664795,
    "exp-2": 0.574859619140625,
    "exp0": 1.06640625
  },
  "122.0": {
    "exp+1": 1.4905694723129272,
    "exp+2": 2.069902181625366,
    "exp-1": 0.751849889755249,
    "exp-2": 0.566436767578125,
    "exp0": 1.05078125
  },
  "123.0": {
    "exp+1": 1.4766571521759033,
    "exp+2": 2.051098346710205,
    "exp-1": 0.7431656122207642,
    "exp-2": 0.5620574951171875,
    "exp0": 1.03515625
  },
  "124.0": {
    "exp+1": 1.4655126333236694,
    "exp+2": 2.029139995574951,
    "exp-1": 0.7350800037384033,
    "exp-2": 0.553802490234375,
    "exp0": 1.02734375
  },
  "125.0": {
    "exp+1": 1.454367995262146,
    "exp+2": 2.013709306716919,
    "exp-1": 0.7258186340332031,
    "exp-2": 0.549591064453125,
    "exp0": 1.01953125
  },
  "126.0": {
    "exp+1": 1.44008207321167,
    "exp+2": 1.9881311655044556,
    "exp-1": 0.7207304239273071,
    "exp-2": 0.5450897216796875,
    "exp0": 1.00390625
  },
  "127.0": {
    "exp+1": 1.4209343194961548,
    "exp+2": 1.9674171209335327,
    "exp-1": 0.7151216268539429,
    "exp-2": 0.5408477783203125,
    "exp0": 0.99609375
  },
  "128.0": {
    "exp+1": 1.4019110202789307,
    "exp+2": 1.9467852115631104,
    "exp-1": 0.7095128297805786,
    "exp-2": 0.5366058349609375,
    "exp0": 0.98828125
  },
  "129.0": {
    "exp+1": 1.3908287286758423,
    "exp+2": 1.9313956499099731,
    "exp-1": 0.7039040327072144,
    "exp-2": 0.5323638916015625,
    "exp0": 0.98046875
  },
  "130.0": {
    "exp+1": 1.387500524520874,
    "exp+2": 1.9211249351501465,
    "exp-1": 0.7006402015686035,
    "exp-2": 0.53192138671875,
    "exp0": 0.97265625
  }
}