{
  "120.0": {
    "exp+1": 4.736536979675293,
    "exp+2": 6.663905620574951,
    "exp-1": 2.3129849433898926,
    "exp-2": 1.72210693359375,
    "exp0": 3.265625
  },
  "121.0": {
    "exp+1": 4.530196666717529,
    "exp+2": 6.35386323928833,
    "exp-1": 2.2320213317871094,
    "exp-2": 1.66845703125,
    "exp0": 3.140625
  },
  "122.0": {
    "exp+1": 4.372428894042969,
    "exp+2": 6.09473180770874,
    "exp-1": 2.1469812393188477,
    "exp-2": 1.5985107421875,
    "exp0": 3.03125
  },
  "123.0": {
    "exp+1": 4.203706741333008,
    "exp+2": 5.887070178985596,
    "exp-1": 2.0444326400756836,
    "exp-2": 1.5098876953125,
    "exp0": 2.90625
  },
  "124.0": {
    "exp+1": 4.0564374923706055,
    "exp+2": 5.698413848876953,
    "exp-1": 1.9552717208862305,
    "exp-2": 1.4381103515625,
    "exp0": 2.7890625
  },
  "125.0": {
    "exp+1": 3.955470323562622,
    "exp+2": 5.582019329071045,
    "exp-1": 1.9356322288513184,
    "exp-2": 1.43536376953125,
    "exp0": 2.7421875
  },
  "126.0": {
    "exp+1": 3.8878555297851562,
    "exp+2": 5.452942371368408,
    "exp-1": 1.9025444984436035,
    "exp-2": 1.41082763671875,
    "exp0": 2.6953125
  },
  "127.0": {
    "exp+1": 3.8202407360076904,
    "exp+2": 5.374644756317139,
    "exp-1": 1.8694567680358887,
    "exp-2": 1.38629150390625,
    "exp0": 2.6484375
  },
  "128.0": {
    "exp+1": 3.7960286140441895,
    "exp+2": 5.308170795440674,
    "exp-1": 1.847398281097412,
    "exp-2": 1.36993408203125,
    "exp0": 2.6171875
  },
  "129.0": {
    "exp+1": 3.763895034790039,
    "exp+2": 5.26278829574585,
    "exp-1": 1.841883659362793,
    "exp-2": 1.3658447265625,
    "exp0": 2.609375
  },
  "130.0": {
    "exp+1": 3.7526257038116455,
    "exp+2": 5.230787754058838,
    "exp-1": 1.8363690376281738,
    "exp-2": 1.36175537109375,
    "exp0": 2.6015625
  }
}