{
  "120.0": {
    "exp+1": 1.7210614681243896,
    "exp+2": 2.3946335315704346,
    "exp-1": 0.8579535484313965,
    "exp-2": 0.64385986328125,
    "exp0": 1.203125
  },
  "121.0": {
    "exp+1": 1.6987099647521973,
    "exp+2": 2.363534450531006,
    "exp-1": 0.8468112945556641,
    "exp-2": 0.635498046875,
    "exp0": 1.1875
  },
  "122.0": {
    "exp+1": 1.6819463968276978,
    "exp+2": 2.3476064205169678,
    "exp-1": 0.8356199264526367,
    "exp-2": 0.6246337890625,
    "exp0": 1.17578125
  },
  "123.0": {
    "exp+1": 1.6734682321548462,
    "exp+2": 2.3471360206604004,
    "exp-1": 0.8273123502731323,
    "exp-2": 0.6208648681640625,
    "exp0": 1.16015625
  },
  "124.0": {
    "exp+1": 1.667833685874939,
    "exp+2": 2.339233160018921,
    "exp-1": 0.8175048828125,
    "exp-2": 0.6142578125,
    "exp0": 1.15625
  },
  "125.0": {
    "exp+1": 1.6621991395950317,
    "exp+2": 2.3313305377960205,
    "exp-1": 0.8119297027587891,
    "exp-2": 0.6076812744140625,
    "exp0": 1.15234375
  },
  "126.0": {
    "exp+1": 1.6452953815460205,
    "exp+2": 2.2933783531188965,
    "exp-1": 0.80645751953125,
    "exp-2": 0.60595703125,
    "exp0": 1.140625
  },
  "127.0": {
    "exp+1": 1.622757077217102,
    "exp+2": 2.276010751724243,
    "exp-1": 0.8022422790527344,
    "exp-2": 0.60205078125,
    "exp0": 1.125
  },
  "128.0": {
    "exp+1": 1.6025816202163696,
    "exp+2": 2.240513801574707,
    "exp-1": 0.7966711521148682,
    "exp-2": 0.597869873046875,
    "exp0": 1.1171875
  },
  "129.0": {
    "exp+1": 1.5969781875610352,
    "exp+2": 2.232679843902588,
    "exp-1": 0.7938855886459351,
    "exp-2": 0.5957794189453125,
    "exp0": 1.11328125
  },
  "130.0": {
    "exp+1": 1.6002187728881836,
    "exp+2": 2.230545997619629,
    "exp-1": 0.791100025177002,
    "exp-2": 0.59368896484375,
    "exp0": 1.109375
  }
}