{
  "120.0": {
    "exp+1": 1.6180158853530884,
    "exp+2": 2.2324259281158447,
    "exp-1": 0.8161344528198242,
    "exp-2": 0.6148681640625,
    "exp0": 1.140625
  },
  "121.0": {
    "exp+1": 1.5992475748062134,
    "exp+2": 2.200169324874878,
    "exp-1": 0.804862380027771,
    "exp-2": 0.6087188720703125,
    "exp0": 1.12109375
  },
  "122.0": {
    "exp+1": 1.5781086683273315,
    "exp+2": 2.1882433891296387,
    "exp-1": 0.7964491844177246,
    "exp-2": 0.60235595703125,
    "exp0": 1.109375
  },
  "123.0": {
    "exp+1": 1.5658138990402222,
    "exp+2": 2.1680164337158203,
    "exp-1": 0.7853896617889404,
    "exp-2": 0.591705322265625,
    "exp0": 1.09765625
  },
  "124.0": {
    "exp+1": 1.5577541589736938,
    "exp+2": 2.1642136573791504,
    "exp-1": 0.7770047187805176,
    "exp-2": 0.58538818359375,
    "exp0": 1.0859375
  },
  "125.0": {
    "exp+1": 1.5435247421264648,
    "exp+2": 2.150801658630371,
    "exp-1": 0.7676715850830078,
    "exp-2": 0.5790557861328125,
    "exp0": 1.08203125
  },
  "126.0": {
    "exp+1": 1.5254862308502197,
    "exp+2": 2.12251615524292,
    "exp-1": 0.7630298137664795,
    "exp-2": 0.574859619140625,
    "exp0": 1.06640625
  },
  "127.0": {
    "exp+1": 1.5045186281204224,
    "exp+2": 2.096449375152588,
    "exp-1": 0.7571876049041748,
    "exp-2": 0.572662353515625,
    "exp0": 1.0546875
  },
  "128.0": {
    "exp+1": 1.4850282669067383,
    "exp+2": 2.0622072219848633,
    "exp-1": 0.7515788078308105,
    "exp-2": 0.56842041015625,
    "exp0": 1.046875
  },
  "129.0": {
    "exp+1": 1.4780877828598022,
    "exp+2": 2.0495519638061523,
    "exp-1": 0.7484750747680664,
    "exp-2": 0.5682373046875,
    "exp0": 1.0390625
  },
  "130.0": {
    "exp+1": 1.4766571521759033,
    "exp+2": 2.0445706844329834,
    "exp-1": 0.7431656122207642,
    "exp-2": 0.5620574951171875,
    "exp0": 1.03515625
  }
}