{
  "120.0": {
    "exp+1": 6.277611255645752,
    "exp+2": 8.778288841247559,
    "exp-1": 3.0495529174804688,
    "exp-2": 2.28240966796875,
    "exp0": 4.328125
  },
  "121.0": {
    "exp+1": 6.1473565101623535,
    "exp+2": 8.609049797058105,
    "exp-1": 2.96337890625,
    "exp-2": 2.19140625,
    "exp0": 4.25
  },
  "122.0": {
    "exp+1": 6.0068793296813965,
    "exp+2": 8.424285888671875,
    "exp-1": 2.9356460571289062,
    "exp-2": 2.1591796875,
    "exp0": 4.1875
  },
  "123.0": {
    "exp+1": 5.849983215332031,
    "exp+2": 8.229838371276855,
    "exp-1": 2.874401092529297,
    "exp-2": 2.102783203125,
    "exp0": 4.078125
  },
  "124.0": {
    "exp+1": 5.702188014984131,
    "exp+2": 7.9976487159729,
    "exp-1": 2.786296844482422,
    "exp-2": 2.038330078125,
    "exp0": 3.953125
  },
  "125.0": {
    "exp+1": 5.5524001121521,
    "exp+2": 7.811755657196045,
    "exp-1": 2.6799678802490234,
    "exp-2": 1.9439697265625,
    "exp0": 3.828125
  },
  "126.0": {
    "exp+1": 5.401708602905273,
    "exp+2": 7.551941394805908,
    "exp-1": 2.6541404724121094,
    "exp-2": 1.941650390625,
    "exp0": 3.765625
  },
  "127.0": {
    "exp+1": 5.267226219177246,
    "exp+2": 7.363926410675049,
    "exp-1": 2.588062286376953,
    "exp-2": 1.893310546875,
    "exp0": 3.671875
  },
  "128.0": {
    "exp+1": 5.093654155731201,
    "exp+2": 7.122096538543701,
    "exp-1": 2.458555221557617,
    "exp-2": 1.793212890625,
    "exp0": 3.53125
  },
  "129.0": {
    "exp+1": 4.9758477210998535,
    "exp+2": 6.978326320648193,
    "exp-1": 2.4448928833007812,
    "exp-2": 1.78857421875,
    "exp0": 3.46875
  },
  "130.0": {
    "exp+1": 4.992773056030273,
    "exp+2": 6.95710563659668,
    "exp-1": 2.4789886474609375,
    "exp-2": 1.845703125,
    "exp0": 3.5
  }
}