{
  "125.37999725341797": {
    "exp+1": 1.6002187728881836,
    "exp+2": 2.230545997619629,
    "exp-1": 0.791100025177002,
    "exp-2": 0.59368896484375,
    "exp0": 1.109375,
    "obs": 0.8284720275593411
  }
}